sample_id,anchor_idx,anchor_time,trade_date,contract,split,label,pred,cnn_p_up,forward_return,xai_quality_score,xai_bucket,signal_bucket,confidence_bucket,image_filename,is_correct,error_type
8704,25335,2025-09-04 13:30:00,2025-09-04,SiU5,test,1,1,0.604224681854248,0.0004776017046705,0.4351111477389897,low,long_strong,medium,20250904_133000_i25335_y1.png,True,TP
8705,25336,2025-09-04 13:45:00,2025-09-04,SiU5,test,1,1,0.6537350416183472,0.0009922336281451,0.4450458959455707,low,long_strong,high,20250904_134500_i25336_y1.png,True,TP
8706,25337,2025-09-04 14:00:00,2025-09-04,SiU5,test,1,1,0.60686194896698,0.0014583333333333,0.4312606398558554,low,long_strong,medium,20250904_140000_i25337_y1.png,True,TP
8707,25338,2025-09-04 14:15:00,2025-09-04,SiU5,test,1,1,0.5060628056526184,0.0025496132677951,0.4553308250301078,medium,neutral,low,20250904_141500_i25338_y1.png,True,TP
8708,25339,2025-09-04 14:30:00,2025-09-04,SiU5,test,1,0,0.4514590203762054,0.0019840540838447,0.3657141209160959,low,neutral,low,20250904_143000_i25339_y1.png,False,FN
8709,25340,2025-09-04 14:45:00,2025-09-04,SiU5,test,1,1,0.5434417128562927,0.0018371771161218,0.4592048789352902,medium,neutral,low,20250904_144500_i25340_y1.png,True,TP
8710,25341,2025-09-04 15:00:00,2025-09-04,SiU5,test,1,0,0.4710975289344787,0.0017393008500525,0.3933367704819075,low,neutral,low,20250904_150000_i25341_y1.png,False,FN
8711,25342,2025-09-04 15:15:00,2025-09-04,SiU5,test,1,0,0.4923006296157837,0.0018371996178625,0.4145666373491674,low,neutral,low,20250904_151500_i25342_y1.png,False,FN
8712,25343,2025-09-04 15:30:00,2025-09-04,SiU5,test,1,1,0.5328735709190369,0.0020821595669107,0.4506272863588803,medium,neutral,low,20250904_153000_i25343_y1.png,True,TP
8713,25344,2025-09-04 15:45:00,2025-09-04,SiU5,test,1,1,0.5624552369117737,0.0011140356246557,0.4455253057793394,low,long_weak,medium,20250904_154500_i25344_y1.png,True,TP
8714,25345,2025-09-04 16:00:00,2025-09-04,SiU5,test,1,1,0.5408718585968018,0.0003549832301026,0.4613609906004116,medium,neutral,low,20250904_160000_i25345_y1.png,True,TP
8715,25346,2025-09-04 16:15:00,2025-09-04,SiU5,test,1,1,0.5998894572257996,0.0004651618273514,0.4556188090017583,medium,long_weak,medium,20250904_161500_i25346_y1.png,True,TP
8716,25347,2025-09-04 16:30:00,2025-09-04,SiU5,test,1,0,0.4066937863826751,0.0008814131991625,0.4338513721855841,low,short_weak,medium,20250904_163000_i25347_y1.png,False,FN
8717,25348,2025-09-04 16:45:00,2025-09-04,SiU5,test,1,0,0.3200395703315735,0.0011632178278437,0.3935419281518533,low,short_strong,high,20250904_164500_i25348_y1.png,False,FN
8718,25349,2025-09-04 17:00:00,2025-09-04,SiU5,test,1,0,0.4043426811695099,0.001065262642341,0.4692463246170663,medium,short_weak,medium,20250904_170000_i25349_y1.png,False,FN
8719,25350,2025-09-04 17:15:00,2025-09-04,SiU5,test,1,0,0.3887781202793121,0.0003302994715208,0.4399357117259524,low,short_strong,medium,20250904_171500_i25350_y1.png,False,FN
8720,25351,2025-09-04 17:30:00,2025-09-04,SiU5,test,1,0,0.3475458323955536,0.0007342143906019,0.4513355339762577,medium,short_strong,high,20250904_173000_i25351_y1.png,False,FN
8721,25352,2025-09-04 17:45:00,2025-09-04,SiU5,test,1,0,0.2662579715251922,0.0003914995656801,0.3885963456441323,low,short_strong,high,20250904_174500_i25352_y1.png,False,FN
8722,25353,2025-09-04 18:00:00,2025-09-04,SiU5,test,1,0,0.3287344872951507,0.0001345549289917,0.3433060530948132,low,short_strong,high,20250904_180000_i25353_y1.png,False,FN
8723,25354,2025-09-04 18:15:00,2025-09-04,SiU5,test,1,0,0.3354231715202331,0.00023243011805,0.3243917141480246,low,short_strong,high,20250904_181500_i25354_y1.png,False,FN
8724,25355,2025-09-04 18:30:00,2025-09-04,SiU5,test,1,0,0.3730847537517547,0.0005508158194302,0.3722807847067345,low,short_strong,medium,20250904_183000_i25355_y1.png,False,FN
8725,25356,2025-09-04 18:45:00,2025-09-04,SiU5,test,0,0,0.4529207646846771,-1.2237655265256995e-05,0.3297495205354537,low,neutral,low,20250904_184500_i25356_y0.png,True,TN
8726,25396,2025-09-05 13:30:00,2025-09-05,SiU5,test,0,0,0.4640577137470245,-0.0010600448386782,0.3920892954340882,low,neutral,low,20250905_133000_i25396_y0.png,True,TN
8727,25397,2025-09-05 13:45:00,2025-09-05,SiU5,test,0,0,0.4621068239212036,-0.0008773319361009,0.3856339310764558,low,neutral,low,20250905_134500_i25397_y0.png,True,TN
8728,25398,2025-09-05 14:00:00,2025-09-05,SiU5,test,1,0,0.415616512298584,0.0005244542017319,0.3759167514249106,low,short_weak,medium,20250905_140000_i25398_y1.png,False,FN
8729,25399,2025-09-05 14:15:00,2025-09-05,SiU5,test,0,0,0.4403819739818573,0.0,0.3636806538978118,low,short_weak,medium,20250905_141500_i25399_y0.png,True,TN
8730,25400,2025-09-05 14:30:00,2025-09-05,SiU5,test,1,0,0.4935721755027771,0.0002316903641197,0.3722397848970146,low,neutral,low,20250905_143000_i25400_y1.png,False,FN
8731,25401,2025-09-05 14:45:00,2025-09-05,SiU5,test,0,1,0.5708382725715637,-6.0956282154411845e-05,0.4982251133909215,medium,long_weak,medium,20250905_144500_i25401_y0.png,False,FP
8732,25402,2025-09-05 15:00:00,2025-09-05,SiU5,test,1,0,0.4106102585792541,0.0002561506653817,0.4015819705538659,low,short_weak,medium,20250905_150000_i25402_y1.png,False,FN
8733,25403,2025-09-05 15:15:00,2025-09-05,SiU5,test,1,0,0.4826177358627319,0.000402551935299,0.3732169882138532,low,neutral,low,20250905_151500_i25403_y1.png,False,FN
8734,25404,2025-09-05 15:30:00,2025-09-05,SiU5,test,1,0,0.4290375113487243,0.0012454060389983,0.3572044434345013,low,short_weak,medium,20250905_153000_i25404_y1.png,False,FN
8735,25405,2025-09-05 15:45:00,2025-09-05,SiU5,test,1,0,0.4248249530792236,0.0010742843191113,0.3846274793185619,low,short_weak,medium,20250905_154500_i25405_y1.png,False,FN
8736,25406,2025-09-05 16:00:00,2025-09-05,SiU5,test,1,1,0.6019479632377625,0.0006222471663352,0.489397715273876,medium,long_strong,medium,20250905_160000_i25406_y1.png,True,TP
8737,25407,2025-09-05 16:15:00,2025-09-05,SiU5,test,1,0,0.4497120976448059,0.0006221636656418,0.4501349031515657,medium,short_weak,medium,20250905_161500_i25407_y1.png,False,FN
8738,25408,2025-09-05 16:30:00,2025-09-05,SiU5,test,1,0,0.4884816110134125,0.0006097114845255,0.4529441745127233,medium,neutral,low,20250905_163000_i25408_y1.png,False,FN
8739,25409,2025-09-05 16:45:00,2025-09-05,SiU5,test,1,0,0.4880428910255432,0.0005243966389834,0.4236845819121397,low,neutral,low,20250905_164500_i25409_y1.png,False,FN
8740,25410,2025-09-05 17:00:00,2025-09-05,SiU5,test,1,0,0.48743736743927,0.0009394826744753,0.4668834606933794,medium,neutral,low,20250905_170000_i25410_y1.png,False,FN
8741,25411,2025-09-05 17:15:00,2025-09-05,SiU5,test,0,1,0.5647878646850586,-0.0003413302125999,0.4760207131639463,medium,long_weak,medium,20250905_171500_i25411_y0.png,False,FP
8742,25412,2025-09-05 17:30:00,2025-09-05,SiU5,test,1,1,0.5352476239204407,0.0003048892032635,0.4770181588141631,medium,neutral,low,20250905_173000_i25412_y1.png,True,TP
8743,25413,2025-09-05 17:45:00,2025-09-05,SiU5,test,1,1,0.6293867230415344,0.0003292602619449,0.4865456355422292,medium,long_strong,medium,20250905_174500_i25413_y1.png,True,TP
8744,25414,2025-09-05 18:00:00,2025-09-05,SiU5,test,1,1,0.5458059310913086,0.0002805014878775,0.507651023418331,medium,neutral,low,20250905_180000_i25414_y1.png,True,TP
8745,25415,2025-09-05 18:15:00,2025-09-05,SiU5,test,0,0,0.3084516823291778,-7.314664683577554e-05,0.4660847178963444,medium,short_strong,high,20250905_181500_i25415_y0.png,True,TN
8746,25416,2025-09-05 18:30:00,2025-09-05,SiU5,test,1,0,0.2673315107822418,0.0006830517777642,0.4207164188831928,low,short_strong,high,20250905_183000_i25416_y1.png,False,FN
8747,25417,2025-09-05 18:45:00,2025-09-05,SiU5,test,1,0,0.4240883290767669,0.0005975974144765,0.4483648801753995,low,short_weak,medium,20250905_184500_i25417_y1.png,False,FN
8748,25457,2025-09-08 13:30:00,2025-09-08,SiU5,test,1,1,0.6267358064651489,0.0067451988984459,0.4312313697990728,low,long_strong,medium,20250908_133000_i25457_y1.png,True,TP
8749,25458,2025-09-08 13:45:00,2025-09-08,SiU5,test,1,1,0.6118547320365906,0.0071490993834053,0.4356861669834295,low,long_strong,medium,20250908_134500_i25458_y1.png,True,TP
8750,25459,2025-09-08 14:00:00,2025-09-08,SiU5,test,1,1,0.6344889998435974,0.0082626578822844,0.439599051523064,low,long_strong,medium,20250908_140000_i25459_y1.png,True,TP
8751,25460,2025-09-08 14:15:00,2025-09-08,SiU5,test,1,0,0.469119518995285,0.0081758412382639,0.3834989490338096,low,neutral,low,20250908_141500_i25460_y1.png,False,FN
8752,25461,2025-09-08 14:30:00,2025-09-08,SiU5,test,1,0,0.3568601012229919,0.0081513828238719,0.388623779110025,low,short_strong,medium,20250908_143000_i25461_y1.png,False,FN
8753,25462,2025-09-08 14:45:00,2025-09-08,SiU5,test,1,0,0.4486899077892303,0.0081749487549578,0.4113418149321384,low,short_weak,medium,20250908_144500_i25462_y1.png,False,FN
8754,25463,2025-09-08 15:00:00,2025-09-08,SiU5,test,1,0,0.3820303082466125,0.0092970823888773,0.4288159943446424,low,short_strong,medium,20250908_150000_i25463_y1.png,False,FN
8755,25464,2025-09-08 15:15:00,2025-09-08,SiU5,test,1,1,0.6253281235694885,0.0096484848484847,0.4499854284185565,low,long_strong,medium,20250908_151500_i25464_y1.png,True,TP
8756,25465,2025-09-08 15:30:00,2025-09-08,SiU5,test,1,1,0.6140267252922058,0.0088850638803363,0.4528906064837361,medium,long_strong,medium,20250908_153000_i25465_y1.png,True,TP
8757,25466,2025-09-08 15:45:00,2025-09-08,SiU5,test,1,0,0.4827418923377991,0.0075788760018402,0.3691907100549442,low,neutral,low,20250908_154500_i25466_y1.png,False,FN
8758,25467,2025-09-08 16:00:00,2025-09-08,SiU5,test,1,0,0.4610812664031982,0.0070551219217038,0.388482673660788,low,neutral,low,20250908_160000_i25467_y1.png,False,FN
8759,25468,2025-09-08 16:15:00,2025-09-08,SiU5,test,1,0,0.4657071530818939,0.0057537955710278,0.4021813014722846,low,neutral,low,20250908_161500_i25468_y1.png,False,FN
8760,25469,2025-09-08 16:30:00,2025-09-08,SiU5,test,1,0,0.4415571093559265,0.0064235166031574,0.3617242161090635,low,short_weak,medium,20250908_163000_i25469_y1.png,False,FN
8761,25470,2025-09-08 16:45:00,2025-09-08,SiU5,test,1,0,0.4172427654266357,0.0062024688969761,0.3545410354205591,low,short_weak,medium,20250908_164500_i25470_y1.png,False,FN
8762,25471,2025-09-08 17:00:00,2025-09-08,SiU5,test,1,0,0.3608634173870086,0.0055483028720626,0.3520569367939911,low,short_strong,medium,20250908_170000_i25471_y1.png,False,FN
8763,25472,2025-09-08 17:15:00,2025-09-08,SiU5,test,1,0,0.3863079249858856,0.0066394156346749,0.3721056172166803,low,short_strong,medium,20250908_171500_i25472_y1.png,False,FN
8764,25473,2025-09-08 17:30:00,2025-09-08,SiU5,test,1,0,0.4137994945049286,0.0042971296139826,0.3642926969927437,low,short_weak,medium,20250908_173000_i25473_y1.png,False,FN
8765,25474,2025-09-08 17:45:00,2025-09-08,SiU5,test,1,0,0.3773663938045501,0.0064792205594372,0.3838161754177923,low,short_strong,medium,20250908_174500_i25474_y1.png,False,FN
8766,25475,2025-09-08 18:00:00,2025-09-08,SiU5,test,1,0,0.3404285907745361,0.0029757960555643,0.4730228315941714,medium,short_strong,high,20250908_180000_i25475_y1.png,False,FN
8767,25476,2025-09-08 18:15:00,2025-09-08,SiU5,test,1,0,0.3762828707695007,0.0019137258677963,0.4487181130512597,low,short_strong,medium,20250908_181500_i25476_y1.png,False,FN
8768,25477,2025-09-08 18:30:00,2025-09-08,SiU5,test,1,0,0.4151292145252228,0.0032174489365548,0.3996513107381184,low,short_weak,medium,20250908_183000_i25477_y1.png,False,FN
8769,25478,2025-09-08 18:45:00,2025-09-08,SiU5,test,1,0,0.4915888011455536,0.0032659652674837,0.4048278688044922,low,neutral,low,20250908_184500_i25478_y1.png,False,FN
8770,25518,2025-09-09 13:30:00,2025-09-09,SiU5,test,1,0,0.4819004535675049,0.006277299090627,0.3935117127946326,low,neutral,low,20250909_133000_i25518_y1.png,False,FN
8771,25519,2025-09-09 13:45:00,2025-09-09,SiU5,test,1,0,0.4450151324272156,0.0060598830967433,0.3696053300126484,low,short_weak,medium,20250909_134500_i25519_y1.png,False,FN
8772,25520,2025-09-09 14:00:00,2025-09-09,SiU5,test,1,0,0.3309404551982879,0.0043733689240559,0.3870466535177565,low,short_strong,high,20250909_140000_i25520_y1.png,False,FN
8773,25521,2025-09-09 14:15:00,2025-09-09,SiU5,test,1,1,0.561393141746521,0.0022721054447258,0.4862145000766179,medium,long_weak,medium,20250909_141500_i25521_y1.png,True,TP
8774,25522,2025-09-09 14:30:00,2025-09-09,SiU5,test,1,1,0.6539003849029541,0.0021783380352105,0.4875172058180299,medium,long_strong,high,20250909_143000_i25522_y1.png,True,TP
8775,25523,2025-09-09 14:45:00,2025-09-09,SiU5,test,1,1,0.5468393564224243,0.0007486008294022,0.5066625185089678,medium,neutral,low,20250909_144500_i25523_y1.png,True,TP
8776,25524,2025-09-09 15:00:00,2025-09-09,SiU5,test,1,0,0.4173536300659179,0.0005227577849327,0.3694329941798346,low,short_weak,medium,20250909_150000_i25524_y1.png,False,FN
8777,25525,2025-09-09 15:15:00,2025-09-09,SiU5,test,0,0,0.2736231088638305,-0.0008540114817099,0.379894402581554,low,short_strong,high,20250909_151500_i25525_y0.png,True,TN
8778,25526,2025-09-09 15:30:00,2025-09-09,SiU5,test,0,0,0.2729502022266388,-0.0004508726759293,0.3919012993320074,low,short_strong,high,20250909_153000_i25526_y0.png,True,TN
8779,25527,2025-09-09 15:45:00,2025-09-09,SiU5,test,0,0,0.3451166749000549,-0.0013158674648805,0.389080435573715,low,short_strong,high,20250909_154500_i25527_y0.png,True,TN
8780,25528,2025-09-09 16:00:00,2025-09-09,SiU5,test,1,0,0.4495080411434173,0.0003680224137521,0.3986526639551886,low,short_weak,medium,20250909_160000_i25528_y1.png,False,FN
8781,25529,2025-09-09 16:15:00,2025-09-09,SiU5,test,1,1,0.5069644451141357,0.0035479147071779,0.484353280097794,medium,neutral,low,20250909_161500_i25529_y1.png,True,TP
8782,25530,2025-09-09 16:30:00,2025-09-09,SiU5,test,1,1,0.568260908126831,0.001152005320602,0.4537129161140212,medium,long_weak,medium,20250909_163000_i25530_y1.png,True,TP
8783,25531,2025-09-09 16:45:00,2025-09-09,SiU5,test,1,1,0.55727219581604,0.0020671466248485,0.4733848658186115,medium,long_weak,medium,20250909_164500_i25531_y1.png,True,TP
8784,25532,2025-09-09 17:00:00,2025-09-09,SiU5,test,1,1,0.6230412125587463,0.0013293452974409,0.5727370988076254,high,long_strong,medium,20250909_170000_i25532_y1.png,True,TP
8785,25533,2025-09-09 17:15:00,2025-09-09,SiU5,test,1,1,0.6780776977539062,0.001507418397626,0.5794475194104722,high,long_strong,high,20250909_171500_i25533_y1.png,True,TP
8786,25534,2025-09-09 17:30:00,2025-09-09,SiU5,test,1,1,0.5511756539344788,0.0023876838278966,0.5701399408502082,high,long_weak,medium,20250909_173000_i25534_y1.png,True,TP
8787,25535,2025-09-09 17:45:00,2025-09-09,SiU5,test,1,0,0.4698946475982666,0.0016862204911414,0.3684577155883555,low,neutral,low,20250909_174500_i25535_y1.png,False,FN
8788,25536,2025-09-09 18:00:00,2025-09-09,SiU5,test,1,1,0.5987170338630676,0.0007952805441142,0.518833509007867,medium,long_weak,medium,20250909_180000_i25536_y1.png,True,TP
8789,25537,2025-09-09 18:15:00,2025-09-09,SiU5,test,1,1,0.6152864694595337,0.0004033645347665,0.5068772888448864,medium,long_strong,medium,20250909_181500_i25537_y1.png,True,TP
8790,25538,2025-09-09 18:30:00,2025-09-09,SiU5,test,0,0,0.47373828291893,-0.0003557874762808,0.4452536886993601,low,neutral,low,20250909_183000_i25538_y0.png,True,TN
8791,25539,2025-09-09 18:45:00,2025-09-09,SiU5,test,0,1,0.6462982892990112,-0.0013991320638383,0.49269565116964,medium,long_strong,medium,20250909_184500_i25539_y0.png,False,FP
8792,25579,2025-09-10 13:30:00,2025-09-10,SiU5,test,0,1,0.504446804523468,-0.001862895572401,0.4526762126800194,medium,neutral,low,20250910_133000_i25579_y0.png,False,FP
8793,25580,2025-09-10 13:45:00,2025-09-10,SiU5,test,0,0,0.4363433420658111,-0.0019799196316646,0.3644503508954367,low,short_weak,medium,20250910_134500_i25580_y0.png,True,TN
8794,25581,2025-09-10 14:00:00,2025-09-10,SiU5,test,0,0,0.4635891616344452,-0.0010668730069405,0.3657007291988726,low,neutral,low,20250910_140000_i25581_y0.png,True,TN
8795,25582,2025-09-10 14:15:00,2025-09-10,SiU5,test,0,0,0.3831448853015899,-0.0015594953332395,0.3769444445532087,low,short_strong,medium,20250910_141500_i25582_y0.png,True,TN
8796,25583,2025-09-10 14:30:00,2025-09-10,SiU5,test,0,0,0.3903203904628753,-0.0013249692208477,0.3952042225756011,low,short_strong,medium,20250910_143000_i25583_y0.png,True,TN
8797,25584,2025-09-10 14:45:00,2025-09-10,SiU5,test,1,0,0.3905876576900482,0.0007638970501822,0.3936183263086864,low,short_strong,medium,20250910_144500_i25584_y1.png,False,FN
8798,25585,2025-09-10 15:00:00,2025-09-10,SiU5,test,1,1,0.58484947681427,0.0008113256355384,0.4654681905327768,medium,long_weak,medium,20250910_150000_i25585_y1.png,True,TP
8799,25586,2025-09-10 15:15:00,2025-09-10,SiU5,test,1,0,0.4810178577899933,0.0037482761465834,0.536989286338814,medium,neutral,low,20250910_151500_i25586_y1.png,False,FN
8800,25587,2025-09-10 15:30:00,2025-09-10,SiU5,test,1,1,0.5113250017166138,0.0027324656969553,0.5057807976654388,medium,neutral,low,20250910_153000_i25587_y1.png,True,TP
8801,25588,2025-09-10 15:45:00,2025-09-10,SiU5,test,1,1,0.5528458952903748,0.0040807661461528,0.5473890161049815,medium,long_weak,medium,20250910_154500_i25588_y1.png,True,TP
8802,25589,2025-09-10 16:00:00,2025-09-10,SiU5,test,1,0,0.4645116925239563,0.0061507585148457,0.4640765891230584,medium,neutral,low,20250910_160000_i25589_y1.png,False,FN
8803,25590,2025-09-10 16:15:00,2025-09-10,SiU5,test,1,0,0.4490362703800201,0.0033568904593639,0.4415051706438336,low,short_weak,medium,20250910_161500_i25590_y1.png,False,FN
8804,25591,2025-09-10 16:30:00,2025-09-10,SiU5,test,1,0,0.4954501986503601,0.0039456791868366,0.4288913747291115,low,neutral,low,20250910_163000_i25591_y1.png,False,FN
8805,25592,2025-09-10 16:45:00,2025-09-10,SiU5,test,1,1,0.672828733921051,0.0040153076243745,0.5314397448069624,medium,long_strong,high,20250910_164500_i25592_y1.png,True,TP
8806,25593,2025-09-10 17:00:00,2025-09-10,SiU5,test,1,1,0.6165318489074707,0.0046522584064543,0.5066987649874801,medium,long_strong,medium,20250910_170000_i25593_y1.png,True,TP
8807,25594,2025-09-10 17:15:00,2025-09-10,SiU5,test,1,0,0.3675591051578522,0.0017036775937022,0.4298615850392102,low,short_strong,medium,20250910_171500_i25594_y1.png,False,FN
8808,25595,2025-09-10 17:30:00,2025-09-10,SiU5,test,1,0,0.4127562642097473,0.0030468079099368,0.4536919757915356,medium,short_weak,medium,20250910_173000_i25595_y1.png,False,FN
8809,25596,2025-09-10 17:45:00,2025-09-10,SiU5,test,1,0,0.3464412987232208,0.0011039731288242,0.4820821951982317,medium,short_strong,high,20250910_174500_i25596_y1.png,False,FN
8810,25597,2025-09-10 18:00:00,2025-09-10,SiU5,test,1,0,0.2568865120410919,0.0014207047165049,0.4884143466934711,medium,short_strong,high,20250910_180000_i25597_y1.png,False,FN
8811,25598,2025-09-10 18:15:00,2025-09-10,SiU5,test,1,0,0.2658323347568512,0.0010795841254194,0.4787108435100711,medium,short_strong,high,20250910_181500_i25598_y1.png,False,FN
8812,25599,2025-09-10 18:30:00,2025-09-10,SiU5,test,1,0,0.3931518793106079,0.0021128744483049,0.4776323859133249,medium,short_strong,medium,20250910_183000_i25599_y1.png,False,FN
8813,25600,2025-09-10 18:45:00,2025-09-10,SiU5,test,1,1,0.5172485113143921,0.0023594872517256,0.4610832204349309,medium,neutral,low,20250910_184500_i25600_y1.png,True,TP
8814,25640,2025-09-11 13:30:00,2025-09-11,SiU5,test,1,0,0.3507733047008514,0.0002108345534406,0.4333803329175834,low,short_strong,medium,20250911_133000_i25640_y1.png,False,FN
8815,25641,2025-09-11 13:45:00,2025-09-11,SiU5,test,1,0,0.275883138179779,0.0027826699542092,0.4332474672724418,low,short_strong,high,20250911_134500_i25641_y1.png,False,FN
8816,25642,2025-09-11 14:00:00,2025-09-11,SiU5,test,1,0,0.3263536989688873,0.0065519679472072,0.4608060930331628,medium,short_strong,high,20250911_140000_i25642_y1.png,False,FN
8817,25643,2025-09-11 14:15:00,2025-09-11,SiU5,test,1,0,0.4726035594940185,0.0037234542379251,0.5033632770464574,medium,neutral,low,20250911_141500_i25643_y1.png,False,FN
8818,25644,2025-09-11 14:30:00,2025-09-11,SiU5,test,1,1,0.5026448965072632,0.0036896900190359,0.5120751262800622,medium,neutral,low,20250911_143000_i25644_y1.png,True,TP
8819,25645,2025-09-11 14:45:00,2025-09-11,SiU5,test,1,0,0.4511789083480835,0.0015012725630709,0.5425032426615277,medium,neutral,low,20250911_144500_i25645_y1.png,False,FN
8820,25646,2025-09-11 15:00:00,2025-09-11,SiU5,test,1,0,0.3029286563396454,0.0021580793094146,0.5624278302541073,high,short_strong,high,20250911_150000_i25646_y1.png,False,FN
8821,25647,2025-09-11 15:15:00,2025-09-11,SiU5,test,1,0,0.2363158017396927,0.0017478620948536,0.5383419928638302,medium,short_strong,high,20250911_151500_i25647_y1.png,False,FN
8822,25648,2025-09-11 15:45:00,2025-09-11,SiU5,test,1,1,0.6637967824935913,0.0009729564982943,0.4921209265366982,medium,long_strong,high,20250911_154500_i25648_y1.png,True,TP
8823,25649,2025-09-11 16:00:00,2025-09-11,SiU5,test,1,1,0.7010396122932434,0.0016538231464864,0.5038332251655828,medium,long_strong,high,20250911_160000_i25649_y1.png,True,TP
8824,25650,2025-09-11 16:15:00,2025-09-11,SiU5,test,1,1,0.5983374714851379,0.0018420095502915,0.4634967303300378,medium,long_weak,medium,20250911_161500_i25650_y1.png,True,TP
8825,25651,2025-09-11 16:30:00,2025-09-11,SiU5,test,1,1,0.5799915790557861,0.0016542306067859,0.3910436692319933,low,long_weak,medium,20250911_163000_i25651_y1.png,True,TP
8826,25652,2025-09-11 16:45:00,2025-09-11,SiU5,test,1,0,0.4789026975631714,0.0031837406015038,0.4638777998487892,medium,neutral,low,20250911_164500_i25652_y1.png,False,FN
8827,25653,2025-09-11 17:00:00,2025-09-11,SiU5,test,1,0,0.1809845864772796,0.0023599582017352,0.4748873710294957,medium,short_strong,very_high,20250911_170000_i25653_y1.png,False,FN
8828,25654,2025-09-11 17:15:00,2025-09-11,SiU5,test,1,0,0.1636584848165512,0.0019720161517513,0.4666516927781327,medium,short_strong,very_high,20250911_171500_i25654_y1.png,False,FN
8829,25655,2025-09-11 17:30:00,2025-09-11,SiU5,test,1,0,0.3942304253578186,0.0007385178064849,0.4513497755854945,medium,short_strong,medium,20250911_173000_i25655_y1.png,False,FN
8830,25656,2025-09-11 17:45:00,2025-09-11,SiU5,test,0,1,0.5065115094184875,-0.0010647508950928,0.40029879987932,low,neutral,low,20250911_174500_i25656_y0.png,False,FP
8831,25657,2025-09-11 18:00:00,2025-09-11,SiU5,test,0,0,0.4652191698551178,-0.0012397515818528,0.444478365572144,low,neutral,low,20250911_180000_i25657_y0.png,True,TN
8832,25658,2025-09-11 18:15:00,2025-09-11,SiU5,test,0,0,0.3467664718627929,-0.0026748899090069,0.4382128564575715,low,short_strong,high,20250911_181500_i25658_y0.png,True,TN
8833,25659,2025-09-11 18:30:00,2025-09-11,SiU5,test,0,0,0.2554206252098083,-0.0009596255119953,0.4034198156981968,low,short_strong,high,20250911_183000_i25659_y0.png,True,TN
8834,25660,2025-09-11 18:45:00,2025-09-11,SiU5,test,0,0,0.2694445550441742,-0.0002459217968685,0.4161105768166782,low,short_strong,high,20250911_184500_i25660_y0.png,True,TN
8835,25700,2025-09-12 13:30:00,2025-09-12,SiU5,test,0,1,0.6082069873809814,-0.0050023060276013,0.5505417946112533,high,long_strong,medium,20250912_133000_i25700_y0.png,False,FP
8836,25701,2025-09-12 13:45:00,2025-09-12,SiU5,test,0,1,0.6391404867172241,-0.0033403219501794,0.5642867517071741,high,long_strong,medium,20250912_134500_i25701_y0.png,False,FP
8837,25702,2025-09-12 14:00:00,2025-09-12,SiU5,test,0,1,0.6316990852355957,-0.000154337476701,0.5589493475629099,high,long_strong,medium,20250912_140000_i25702_y0.png,False,FP
8838,25703,2025-09-12 14:15:00,2025-09-12,SiU5,test,1,0,0.4717886745929718,0.001973277542675,0.4094054511209759,low,neutral,low,20250912_141500_i25703_y1.png,False,FN
8839,25704,2025-09-12 14:30:00,2025-09-12,SiU5,test,1,0,0.4422501623630523,0.0019500130793559,0.3294676341140607,low,short_weak,medium,20250912_143000_i25704_y1.png,False,FN
8840,25705,2025-09-12 14:45:00,2025-09-12,SiU5,test,0,0,0.4487173557281494,-0.0001187916513227,0.3514234885856415,low,short_weak,medium,20250912_144500_i25705_y0.png,True,TN
8841,25706,2025-09-12 15:00:00,2025-09-12,SiU5,test,1,0,0.3395421802997589,0.0016422119881476,0.3463177759903929,low,short_strong,high,20250912_150000_i25706_y1.png,False,FN
8842,25707,2025-09-12 15:15:00,2025-09-12,SiU5,test,0,0,0.45496267080307,-0.0017444758265492,0.4100365591670226,low,neutral,low,20250912_151500_i25707_y0.png,True,TN
8843,25708,2025-09-12 15:30:00,2025-09-12,SiU5,test,0,0,0.4944709837436676,-0.0040622964410492,0.4621490863282408,medium,neutral,low,20250912_153000_i25708_y0.png,True,TN
8844,25709,2025-09-12 15:45:00,2025-09-12,SiU5,test,0,0,0.473266988992691,-0.0033894689436945,0.4423591434300206,low,neutral,low,20250912_154500_i25709_y0.png,True,TN
8845,25710,2025-09-12 16:00:00,2025-09-12,SiU5,test,0,0,0.4455451965332031,-0.0030584664991227,0.4344152253687099,low,short_weak,medium,20250912_160000_i25710_y0.png,True,TN
8846,25711,2025-09-12 16:15:00,2025-09-12,SiU5,test,0,0,0.2827863693237304,-0.0027138810869745,0.4376877122155965,low,short_strong,high,20250912_161500_i25711_y0.png,True,TN
8847,25712,2025-09-12 16:30:00,2025-09-12,SiU5,test,0,0,0.2564437091350555,-0.0028328611898017,0.4048240619290205,low,short_strong,high,20250912_163000_i25712_y0.png,True,TN
8848,25713,2025-09-12 16:45:00,2025-09-12,SiU5,test,0,0,0.2824920117855072,-0.0023241198581812,0.439296494431536,low,short_strong,high,20250912_164500_i25713_y0.png,True,TN
8849,25714,2025-09-12 17:00:00,2025-09-12,SiU5,test,0,1,0.5094506144523621,-0.001317085325771,0.4104259904023109,low,neutral,low,20250912_170000_i25714_y0.png,False,FP
8850,25715,2025-09-12 17:15:00,2025-09-12,SiU5,test,0,1,0.6539275050163269,-0.0007243881295349,0.4065427604916677,low,long_strong,high,20250912_171500_i25715_y0.png,False,FP
8851,25716,2025-09-12 17:30:00,2025-09-12,SiU5,test,0,1,0.5399668216705322,-0.0002376312912883,0.3877354633463057,low,neutral,low,20250912_173000_i25716_y0.png,False,FP
8852,25717,2025-09-12 17:45:00,2025-09-12,SiU5,test,0,0,0.4733418226242065,-0.0002852863561799,0.4147838717209173,low,neutral,low,20250912_174500_i25717_y0.png,True,TN
8853,25718,2025-09-12 18:00:00,2025-09-12,SiU5,test,0,0,0.4761591851711273,-0.0003089133379273,0.3900656145769935,low,neutral,low,20250912_180000_i25718_y0.png,True,TN
8854,25719,2025-09-12 18:15:00,2025-09-12,SiU5,test,0,0,0.4592823982238769,-0.0001188679021003,0.4101410101491957,low,neutral,low,20250912_181500_i25719_y0.png,True,TN
8855,25720,2025-09-12 18:30:00,2025-09-12,SiU5,test,1,1,0.5984165668487549,0.0001307375977561,0.3295856876776181,low,long_weak,medium,20250912_183000_i25720_y1.png,True,TP
8856,25721,2025-09-12 18:45:00,2025-09-12,SiU5,test,0,1,0.5212807059288025,-0.0002971203099558,0.4235400146831746,low,neutral,low,20250912_184500_i25721_y0.png,False,FP
8857,25761,2025-09-15 13:30:00,2025-09-15,SiU5,test,0,0,0.3056224882602691,-0.0002294159552759,0.4313803735287879,low,short_strong,high,20250915_133000_i25761_y0.png,True,TN
8858,25762,2025-09-15 13:45:00,2025-09-15,SiU5,test,1,0,0.1950957030057907,0.0013661037029872,0.4364836315380703,low,short_strong,very_high,20250915_134500_i25762_y1.png,False,FN
8859,25763,2025-09-15 14:00:00,2025-09-15,SiU5,test,1,0,0.2371748387813568,0.0018269591414501,0.4366486894578832,low,short_strong,high,20250915_140000_i25763_y1.png,False,FN
8860,25764,2025-09-15 14:15:00,2025-09-15,SiU5,test,1,0,0.2467444837093353,0.0005684223256938,0.4137305297707028,low,short_strong,high,20250915_141500_i25764_y1.png,False,FN
8861,25765,2025-09-15 14:30:00,2025-09-15,SiU5,test,1,0,0.2657845020294189,0.0004715840386941,0.4187280688414571,low,short_strong,high,20250915_143000_i25765_y1.png,False,FN
8862,25766,2025-09-15 14:45:00,2025-09-15,SiU5,test,0,0,0.2697714269161224,-0.0018811272293166,0.4178787734609469,low,short_strong,high,20250915_144500_i25766_y0.png,True,TN
8863,25767,2025-09-15 15:00:00,2025-09-15,SiU5,test,0,0,0.2466892749071121,-0.0019659635030333,0.4264297421897348,low,short_strong,high,20250915_150000_i25767_y0.png,True,TN
8864,25768,2025-09-15 15:15:00,2025-09-15,SiU5,test,0,0,0.321601390838623,-0.0045242335274582,0.4473427615907381,low,short_strong,high,20250915_151500_i25768_y0.png,True,TN
8865,25769,2025-09-15 15:30:00,2025-09-15,SiU5,test,0,0,0.2162039279937744,-0.0036012381514447,0.4211438622229122,low,short_strong,high,20250915_153000_i25769_y0.png,True,TN
8866,25770,2025-09-15 15:45:00,2025-09-15,SiU5,test,0,0,0.2003962248563766,-0.0002175226586103,0.4481812088771472,low,short_strong,high,20250915_154500_i25770_y0.png,True,TN
8867,25771,2025-09-15 16:00:00,2025-09-15,SiU5,test,0,0,0.1835036873817443,-0.0045372487663978,0.5008226653910923,medium,short_strong,very_high,20250915_160000_i25771_y0.png,True,TN
8868,25772,2025-09-15 16:15:00,2025-09-15,SiU5,test,0,0,0.231700912117958,-0.0025691437393706,0.4492786784892801,low,short_strong,high,20250915_161500_i25772_y0.png,True,TN
8869,25773,2025-09-15 16:30:00,2025-09-15,SiU5,test,0,1,0.6099652051925659,-0.0026287547178912,0.5988303282310298,high,long_strong,medium,20250915_163000_i25773_y0.png,False,FP
8870,25774,2025-09-15 16:45:00,2025-09-15,SiU5,test,0,0,0.4856351017951965,-0.0014123782276463,0.3757976077364064,low,neutral,low,20250915_164500_i25774_y0.png,True,TN
8871,25775,2025-09-15 17:00:00,2025-09-15,SiU5,test,0,0,0.3936079144477844,-0.0010749960744524,0.3667551067631099,low,short_strong,medium,20250915_170000_i25775_y0.png,True,TN
8872,25776,2025-09-15 17:15:00,2025-09-15,SiU5,test,0,0,0.4887310564517975,-0.0002417210539037,0.3707330570192496,low,neutral,low,20250915_171500_i25776_y0.png,True,TN
8873,25777,2025-09-15 17:30:00,2025-09-15,SiU5,test,1,1,0.569945216178894,0.0003144996431638,0.5661680849591946,high,long_weak,medium,20250915_173000_i25777_y1.png,True,TP
8874,25778,2025-09-15 17:45:00,2025-09-15,SiU5,test,0,1,0.5160396695137024,-0.001267794399971,0.5456121768805946,medium,neutral,low,20250915_174500_i25778_y0.png,False,FP
8875,25779,2025-09-15 18:00:00,2025-09-15,SiU5,test,0,1,0.5912303924560547,-0.0009058408618773,0.5405821604265295,medium,long_weak,medium,20250915_180000_i25779_y0.png,False,FP
8876,25780,2025-09-15 18:15:00,2025-09-15,SiU5,test,0,1,0.7396250367164612,-0.0008456455295553,0.5310629278057398,medium,long_strong,high,20250915_181500_i25780_y0.png,False,FP
8877,25781,2025-09-15 18:30:00,2025-09-15,SiU5,test,0,1,0.5897764563560486,-0.0009057971014492,0.5259048075383226,medium,long_weak,medium,20250915_183000_i25781_y0.png,False,FP
8878,25782,2025-09-15 18:45:00,2025-09-15,SiU5,test,0,0,0.472971647977829,-0.0011710732826271,0.4879407405664803,medium,neutral,low,20250915_184500_i25782_y0.png,True,TN
8879,25822,2025-09-16 13:30:00,2025-09-16,SiU5,test,1,0,0.4548878371715545,0.0007595211400051,0.466841665856205,medium,neutral,low,20250916_133000_i25822_y1.png,False,FN
8880,25823,2025-09-16 13:45:00,2025-09-16,SiU5,test,0,1,0.505916178226471,-0.000216742125036,0.4864493492758149,medium,neutral,low,20250916_134500_i25823_y0.png,False,FP
8881,25824,2025-09-16 14:00:00,2025-09-16,SiU5,test,1,1,0.5229694843292236,0.0011566961865172,0.4595920023635686,medium,neutral,low,20250916_140000_i25824_y1.png,True,TP
8882,25825,2025-09-16 14:15:00,2025-09-16,SiU5,test,1,1,0.515343964099884,0.0014231270201168,0.450705060513461,medium,neutral,low,20250916_141500_i25825_y1.png,True,TP
8883,25826,2025-09-16 14:30:00,2025-09-16,SiU5,test,1,0,0.4424872398376465,0.0013617903324938,0.4056770083606204,low,short_weak,medium,20250916_143000_i25826_y1.png,False,FN
8884,25827,2025-09-16 14:45:00,2025-09-16,SiU5,test,1,0,0.414039134979248,0.0011206439485227,0.3768068954429131,low,short_weak,medium,20250916_144500_i25827_y1.png,False,FN
8885,25828,2025-09-16 15:00:00,2025-09-16,SiU5,test,1,0,0.3381383419036865,0.0009156626506023,0.4039762559354725,low,short_strong,high,20250916_150000_i25828_y1.png,False,FN
8886,25829,2025-09-16 15:15:00,2025-09-16,SiU5,test,1,0,0.3485548496246338,0.0004938152649138,0.405285606025406,low,short_strong,high,20250916_151500_i25829_y1.png,False,FN
8887,25830,2025-09-16 15:30:00,2025-09-16,SiU5,test,0,0,0.442781388759613,-0.0012985139229548,0.417287628208407,low,short_weak,medium,20250916_153000_i25830_y0.png,True,TN
8888,25831,2025-09-16 15:45:00,2025-09-16,SiU5,test,0,0,0.4657875001430511,-0.0014794678726935,0.4047834494839948,low,neutral,low,20250916_154500_i25831_y0.png,True,TN
8889,25832,2025-09-16 16:00:00,2025-09-16,SiU5,test,0,1,0.5054284930229187,-0.0018514065881221,0.4213862575825326,low,neutral,low,20250916_160000_i25832_y0.png,False,FP
8890,25833,2025-09-16 16:15:00,2025-09-16,SiU5,test,0,1,0.5712859630584717,-0.0014428105950391,0.4317716981374055,low,long_weak,medium,20250916_161500_i25833_y0.png,False,FP
8891,25834,2025-09-16 16:30:00,2025-09-16,SiU5,test,0,0,0.4238910675048828,-0.0028576917535181,0.3746157878859256,low,short_weak,medium,20250916_163000_i25834_y0.png,True,TN
8892,25835,2025-09-16 16:45:00,2025-09-16,SiU5,test,0,1,0.5407642126083374,-0.0044829611516655,0.4712854708594283,medium,neutral,low,20250916_164500_i25835_y0.png,False,FP
8893,25836,2025-09-16 17:00:00,2025-09-16,SiU5,test,0,1,0.5970543026924133,-0.0037205506414949,0.4818649521737947,medium,long_weak,medium,20250916_170000_i25836_y0.png,False,FP
8894,25837,2025-09-16 17:15:00,2025-09-16,SiU5,test,0,1,0.5569934248924255,-0.0032418413658957,0.4783655770171,medium,long_weak,medium,20250916_171500_i25837_y0.png,False,FP
8895,25838,2025-09-16 17:30:00,2025-09-16,SiU5,test,0,1,0.550017237663269,-0.0010830455240135,0.4921140183095054,medium,long_weak,medium,20250916_173000_i25838_y0.png,False,FP
8896,25839,2025-09-16 17:45:00,2025-09-16,SiU5,test,0,0,0.4283368289470672,-0.0031355117731859,0.4239453939740498,low,short_weak,medium,20250916_174500_i25839_y0.png,True,TN
8897,25840,2025-09-16 18:00:00,2025-09-16,SiU5,test,0,0,0.4483212232589721,-0.0022488665472081,0.3872083525750536,low,short_weak,medium,20250916_180000_i25840_y0.png,True,TN
8898,25841,2025-09-16 18:15:00,2025-09-16,SiU5,test,0,0,0.4956447184085846,-0.0021888417178799,0.4108526819184047,low,neutral,low,20250916_181500_i25841_y0.png,True,TN
8899,25842,2025-09-16 18:30:00,2025-09-16,SiU5,test,0,0,0.3301202058792114,-0.0003975424647633,0.4217878126820882,low,short_strong,high,20250916_183000_i25842_y0.png,True,TN
8900,25843,2025-09-16 18:45:00,2025-09-16,SiU5,test,0,0,0.3641102910041809,-0.0005540166204985,0.3918717201787323,low,short_strong,medium,20250916_184500_i25843_y0.png,True,TN
8901,25883,2025-09-17 13:30:00,2025-09-17,SiZ5,test,1,1,0.8359866738319397,0.0002312138728324,0.3955233930493282,low,long_strong,very_high,20250917_133000_i25883_y1.png,True,TP
8902,25884,2025-09-17 13:45:00,2025-09-17,SiZ5,test,0,1,0.831638753414154,-0.0001849219282733,0.4027531961517641,low,long_strong,very_high,20250917_134500_i25884_y0.png,False,FP
8903,25885,2025-09-17 14:00:00,2025-09-17,SiZ5,test,1,1,0.5944042205810547,0.0001848215317084,0.4293562759827415,low,long_weak,medium,20250917_140000_i25885_y1.png,True,TP
8904,25886,2025-09-17 14:15:00,2025-09-17,SiZ5,test,1,1,0.5798073410987854,0.0007047134935305,0.4262853423120194,low,long_weak,medium,20250917_141500_i25886_y1.png,True,TP
8905,25887,2025-09-17 14:30:00,2025-09-17,SiZ5,test,1,1,0.6056489944458008,0.0006813326404526,0.4032586830566779,low,long_strong,medium,20250917_143000_i25887_y1.png,True,TP
8906,25888,2025-09-17 14:45:00,2025-09-17,SiZ5,test,1,1,0.5034881234169006,0.0014098015877601,0.402868429429284,low,neutral,low,20250917_144500_i25888_y1.png,True,TP
8907,25889,2025-09-17 15:00:00,2025-09-17,SiZ5,test,1,0,0.3755535781383514,0.0010969976905312,0.4107004665767468,low,short_strong,medium,20250917_150000_i25889_y1.png,False,FN
8908,25890,2025-09-17 15:15:00,2025-09-17,SiZ5,test,0,0,0.3254152834415436,-0.0003114582011558,0.3751768300579445,low,short_strong,high,20250917_151500_i25890_y0.png,True,TN
8909,25891,2025-09-17 15:30:00,2025-09-17,SiZ5,test,0,0,0.4022040963172912,-0.0009798270893371,0.3601016310808197,low,short_weak,medium,20250917_153000_i25891_y0.png,True,TN
8910,25892,2025-09-17 15:45:00,2025-09-17,SiZ5,test,1,0,0.3991994857788086,2.3074438137538067e-05,0.3588939552311179,low,short_strong,medium,20250917_154500_i25892_y1.png,False,FN
8911,25893,2025-09-17 16:00:00,2025-09-17,SiZ5,test,0,0,0.3631273210048675,-0.000577120629754,0.3558355078408712,low,short_strong,medium,20250917_160000_i25893_y0.png,True,TN
8912,25894,2025-09-17 16:15:00,2025-09-17,SiZ5,test,1,0,0.4162111580371856,0.0005428317337121,0.3549825582159172,low,short_weak,medium,20250917_161500_i25894_y1.png,False,FN
8913,25895,2025-09-17 16:30:00,2025-09-17,SiZ5,test,1,0,0.4693594574928283,0.0009124509124509,0.3649693610335439,low,neutral,low,20250917_163000_i25895_y1.png,False,FN
8914,25896,2025-09-17 16:45:00,2025-09-17,SiZ5,test,1,0,0.4406911432743072,0.0007273482959269,0.3600702507234829,low,short_weak,medium,20250917_164500_i25896_y1.png,False,FN
8915,25897,2025-09-17 17:00:00,2025-09-17,SiZ5,test,1,0,0.4327564537525177,0.0015589454600044,0.3547538089841749,low,short_weak,medium,20250917_170000_i25897_y1.png,False,FN
8916,25898,2025-09-17 17:15:00,2025-09-17,SiZ5,test,1,0,0.3523283302783966,0.0009237981962839,0.3622197914522336,low,short_strong,medium,20250917_171500_i25898_y1.png,False,FN
8917,25899,2025-09-17 17:30:00,2025-09-17,SiZ5,test,1,0,0.3280055224895477,0.0014786064134553,0.3487350517431659,low,short_strong,high,20250917_173000_i25899_y1.png,False,FN
8918,25900,2025-09-17 17:45:00,2025-09-17,SiZ5,test,1,0,0.3978749811649322,0.0028564820168843,0.358318207901327,low,short_strong,medium,20250917_174500_i25900_y1.png,False,FN
8919,25901,2025-09-17 18:00:00,2025-09-17,SiZ5,test,1,1,0.5240353941917419,0.0029717166578016,0.4751536300164384,medium,neutral,low,20250917_180000_i25901_y1.png,True,TP
8920,25902,2025-09-17 18:15:00,2025-09-17,SiZ5,test,1,1,0.6431871652603149,0.0053109018119548,0.4877090401462426,medium,long_strong,medium,20250917_181500_i25902_y1.png,True,TP
8921,25903,2025-09-17 18:30:00,2025-09-17,SiZ5,test,1,0,0.4370111227035522,0.0041608876560332,0.4165476880596424,low,short_weak,medium,20250917_183000_i25903_y1.png,False,FN
8922,25904,2025-09-17 18:45:00,2025-09-17,SiZ5,test,1,0,0.4544775187969208,0.0043811483463764,0.4455748425076652,low,neutral,low,20250917_184500_i25904_y1.png,False,FN
8923,25944,2025-09-18 13:30:00,2025-09-18,SiZ5,test,1,0,0.4552860856056213,0.005099675475197,0.4223294543485876,low,neutral,low,20250918_133000_i25944_y1.png,False,FN
8924,25945,2025-09-18 13:45:00,2025-09-18,SiZ5,test,1,0,0.4329923987388611,0.0051454994263464,0.4295968856028264,low,short_weak,medium,20250918_134500_i25945_y1.png,False,FN
8925,25946,2025-09-18 14:00:00,2025-09-18,SiZ5,test,1,0,0.4541756212711334,0.0053423879663001,0.3904741233274982,low,neutral,low,20250918_140000_i25946_y1.png,False,FN
8926,25947,2025-09-18 14:15:00,2025-09-18,SiZ5,test,1,0,0.3682915568351745,0.0040286170730012,0.4004439554161931,low,short_strong,medium,20250918_141500_i25947_y1.png,False,FN
8927,25948,2025-09-18 14:30:00,2025-09-18,SiZ5,test,1,0,0.2745588719844818,0.0044565859079281,0.4160515546459153,low,short_strong,high,20250918_143000_i25948_y1.png,False,FN
8928,25949,2025-09-18 14:45:00,2025-09-18,SiZ5,test,1,0,0.3433218896389007,0.002356637863315,0.429391582517614,low,short_strong,high,20250918_144500_i25949_y1.png,False,FN
8929,25950,2025-09-18 15:00:00,2025-09-18,SiZ5,test,1,0,0.4327196180820465,0.0028652302004505,0.4465308736503341,low,short_weak,medium,20250918_150000_i25950_y1.png,False,FN
8930,25951,2025-09-18 15:15:00,2025-09-18,SiZ5,test,1,0,0.4849716126918793,0.0039661891051212,0.4640717942292309,medium,neutral,low,20250918_151500_i25951_y1.png,False,FN
8931,25952,2025-09-18 15:30:00,2025-09-18,SiZ5,test,1,0,0.4518744945526123,0.0041954162477029,0.4448077320533337,low,neutral,low,20250918_153000_i25952_y1.png,False,FN
8932,25953,2025-09-18 15:45:00,2025-09-18,SiZ5,test,1,0,0.4352114498615265,0.0051906314304872,0.452042376272025,medium,short_weak,medium,20250918_154500_i25953_y1.png,False,FN
8933,25954,2025-09-18 16:00:00,2025-09-18,SiZ5,test,1,1,0.5181291699409485,0.0046821350535843,0.4937934020880514,medium,neutral,low,20250918_160000_i25954_y1.png,True,TP
8934,25955,2025-09-18 16:15:00,2025-09-18,SiZ5,test,1,0,0.4666526317596435,0.0025283720285855,0.3902890285546606,low,neutral,low,20250918_161500_i25955_y1.png,False,FN
8935,25956,2025-09-18 16:30:00,2025-09-18,SiZ5,test,1,0,0.3610455989837646,0.0022727010532872,0.4074117748056092,low,short_strong,medium,20250918_163000_i25956_y1.png,False,FN
8936,25957,2025-09-18 16:45:00,2025-09-18,SiZ5,test,1,0,0.4890508651733398,0.0021570369003265,0.4225122228237203,low,neutral,low,20250918_164500_i25957_y1.png,False,FN
8937,25958,2025-09-18 17:00:00,2025-09-18,SiZ5,test,1,0,0.4801379144191742,0.0033265185903876,0.4239547159232404,low,neutral,low,20250918_170000_i25958_y1.png,False,FN
8938,25959,2025-09-18 17:15:00,2025-09-18,SiZ5,test,1,1,0.5359894037246704,0.0022629397434565,0.502264876759423,medium,neutral,low,20250918_171500_i25959_y1.png,True,TP
8939,25960,2025-09-18 17:30:00,2025-09-18,SiZ5,test,1,0,0.4585715532302856,0.0008878639377343,0.3683701732050372,low,neutral,low,20250918_173000_i25960_y1.png,False,FN
8940,25961,2025-09-18 17:45:00,2025-09-18,SiZ5,test,0,0,0.3536046147346496,-0.000771054388105,0.3887741534793614,low,short_strong,medium,20250918_174500_i25961_y0.png,True,TN
8941,25962,2025-09-18 18:00:00,2025-09-18,SiZ5,test,1,0,0.3956012427806854,0.0001497385334838,0.3817660579840816,low,short_strong,medium,20250918_180000_i25962_y1.png,False,FN
8942,25963,2025-09-18 18:15:00,2025-09-18,SiZ5,test,1,0,0.4027826488018036,0.0006801074339199,0.364097856071512,low,short_weak,medium,20250918_181500_i25963_y1.png,False,FN
8943,25964,2025-09-18 18:30:00,2025-09-18,SiZ5,test,1,0,0.4130801856517792,0.0010262915129151,0.3662993551138959,low,short_weak,medium,20250918_183000_i25964_y1.png,False,FN
8944,25965,2025-09-18 18:45:00,2025-09-18,SiZ5,test,1,0,0.4701782464981079,0.0003113001971568,0.3580447772254631,low,neutral,low,20250918_184500_i25965_y1.png,False,FN
8945,26005,2025-09-19 13:30:00,2025-09-19,SiZ5,test,0,0,0.3833178281784057,-0.0029434671064687,0.4046581144735524,low,short_strong,medium,20250919_133000_i26005_y0.png,True,TN
8946,26006,2025-09-19 13:45:00,2025-09-19,SiZ5,test,0,0,0.3294862806797027,-0.0034352456200618,0.4103507172789545,low,short_strong,high,20250919_134500_i26006_y0.png,True,TN
8947,26007,2025-09-19 14:00:00,2025-09-19,SiZ5,test,0,0,0.4208034574985504,-0.0003096934035304,0.4030063645971579,low,short_weak,medium,20250919_140000_i26007_y0.png,True,TN
8948,26008,2025-09-19 14:15:00,2025-09-19,SiZ5,test,1,1,0.5681259632110596,0.0005394486146499,0.4287064186239214,low,long_weak,medium,20250919_141500_i26008_y1.png,True,TP
8949,26009,2025-09-19 14:30:00,2025-09-19,SiZ5,test,1,1,0.5197579860687256,0.0008039970137254,0.4260040822071084,low,neutral,low,20250919_143000_i26009_y1.png,True,TP
8950,26010,2025-09-19 14:45:00,2025-09-19,SiZ5,test,0,0,0.4442045986652374,-0.0002640036730945,0.4084841047173657,low,short_weak,medium,20250919_144500_i26010_y0.png,True,TN
8951,26011,2025-09-19 15:00:00,2025-09-19,SiZ5,test,1,0,0.4519528150558471,0.0008154358562075,0.3806253281436651,low,neutral,low,20250919_150000_i26011_y1.png,False,FN
8952,26012,2025-09-19 15:15:00,2025-09-19,SiZ5,test,1,1,0.5825578570365906,0.0012291503928685,0.4357371702766951,low,long_weak,medium,20250919_151500_i26012_y1.png,True,TP
8953,26013,2025-09-19 15:30:00,2025-09-19,SiZ5,test,0,1,0.5872746706008911,-0.0002065997130559,0.4389746315912599,low,long_weak,medium,20250919_153000_i26013_y0.png,False,FP
8954,26014,2025-09-19 15:45:00,2025-09-19,SiZ5,test,1,1,0.5775989890098572,0.0002526963852931,0.450030623649975,medium,long_weak,medium,20250919_154500_i26014_y1.png,True,TP
8955,26015,2025-09-19 16:00:00,2025-09-19,SiZ5,test,1,0,0.4989254474639892,0.0014490586868767,0.381704696934848,low,neutral,low,20250919_160000_i26015_y1.png,False,FN
8956,26016,2025-09-19 16:15:00,2025-09-19,SiZ5,test,1,0,0.3425456583499908,0.0016218454530814,0.4714992939920147,medium,short_strong,high,20250919_161500_i26016_y1.png,False,FN
8957,26017,2025-09-19 16:30:00,2025-09-19,SiZ5,test,1,0,0.3977550864219665,0.0014137931034483,0.4715932807708282,medium,short_strong,medium,20250919_163000_i26017_y1.png,False,FN
8958,26018,2025-09-19 16:45:00,2025-09-19,SiZ5,test,1,0,0.3402097523212433,0.0017934951311204,0.4629640386381177,medium,short_strong,high,20250919_164500_i26018_y1.png,False,FN
8959,26019,2025-09-19 17:00:00,2025-09-19,SiZ5,test,1,0,0.1602714657783508,0.0021387668744106,0.4400446392963557,low,short_strong,very_high,20250919_170000_i26019_y1.png,False,FN
8960,26020,2025-09-19 17:15:00,2025-09-19,SiZ5,test,1,0,0.3151581287384033,0.0021857672042886,0.4465324710069226,low,short_strong,high,20250919_171500_i26020_y1.png,False,FN
8961,26021,2025-09-19 17:30:00,2025-09-19,SiZ5,test,1,0,0.4048930704593658,0.0009654839488293,0.4384482210217889,low,short_weak,medium,20250919_173000_i26021_y1.png,False,FN
8962,26022,2025-09-19 17:45:00,2025-09-19,SiZ5,test,1,0,0.419181615114212,0.0001263656101735,0.4367992293905299,low,short_weak,medium,20250919_174500_i26022_y1.png,False,FN
8963,26023,2025-09-19 18:00:00,2025-09-19,SiZ5,test,1,0,0.2575089931488037,0.0005629789629697,0.4390786264977975,low,short_strong,high,20250919_180000_i26023_y1.png,False,FN
8964,26024,2025-09-19 18:15:00,2025-09-19,SiZ5,test,1,0,0.2535951137542724,0.000367621717253,0.4719764186436583,medium,short_strong,high,20250919_181500_i26024_y1.png,False,FN
8965,26025,2025-09-19 18:30:00,2025-09-19,SiZ5,test,0,0,0.201160043478012,-0.0004135316753776,0.5015873384928348,medium,short_strong,high,20250919_183000_i26025_y0.png,True,TN
8966,26026,2025-09-19 18:45:00,2025-09-19,SiZ5,test,0,0,0.1139501631259918,-0.0006664368608525,0.4542756678254249,medium,short_strong,very_high,20250919_184500_i26026_y0.png,True,TN
8967,26066,2025-09-22 13:30:00,2025-09-22,SiZ5,test,0,1,0.6117880344390869,-0.0024895117790788,0.4654235388811452,medium,long_strong,medium,20250922_133000_i26066_y0.png,False,FP
8968,26067,2025-09-22 13:45:00,2025-09-22,SiZ5,test,0,0,0.3882758617401123,-0.0021317047876937,0.4290621298456306,low,short_strong,medium,20250922_134500_i26067_y0.png,True,TN
8969,26068,2025-09-22 14:00:00,2025-09-22,SiZ5,test,0,0,0.3852755427360534,-0.001140815856188,0.4221238997872936,low,short_strong,medium,20250922_140000_i26068_y0.png,True,TN
8970,26069,2025-09-22 14:15:00,2025-09-22,SiZ5,test,0,0,0.3102017939090729,-0.0008179723502304,0.4282192774657504,low,short_strong,high,20250922_141500_i26069_y0.png,True,TN
8971,26070,2025-09-22 14:30:00,2025-09-22,SiZ5,test,0,0,0.3233465552330017,-0.0011407238411282,0.4115144939025406,low,short_strong,high,20250922_143000_i26070_y0.png,True,TN
8972,26071,2025-09-22 14:45:00,2025-09-22,SiZ5,test,0,0,0.2809914350509643,-0.000195940572377,0.3914604854117789,low,short_strong,high,20250922_144500_i26071_y0.png,True,TN
8973,26072,2025-09-22 15:00:00,2025-09-22,SiZ5,test,0,0,0.4893513023853302,-0.0006453025431834,0.3864850921312022,low,neutral,low,20250922_150000_i26072_y0.png,True,TN
8974,26073,2025-09-22 15:15:00,2025-09-22,SiZ5,test,0,0,0.3263586759567261,-0.0007831394679258,0.3863033467294167,low,short_strong,high,20250922_151500_i26073_y0.png,True,TN
8975,26074,2025-09-22 15:30:00,2025-09-22,SiZ5,test,0,0,0.2475193589925766,-0.0021984346224678,0.3794132081739629,low,short_strong,high,20250922_153000_i26074_y0.png,True,TN
8976,26075,2025-09-22 15:45:00,2025-09-22,SiZ5,test,0,0,0.2692160904407501,-0.0016924564796905,0.3854788847880744,low,short_strong,high,20250922_154500_i26075_y0.png,True,TN
8977,26076,2025-09-22 16:00:00,2025-09-22,SiZ5,test,0,0,0.3046678304672241,-0.0011741412653099,0.4499618690393629,low,short_strong,high,20250922_160000_i26076_y0.png,True,TN
8978,26077,2025-09-22 16:15:00,2025-09-22,SiZ5,test,0,0,0.1996352970600128,-0.000829244696289,0.4502500214807394,medium,short_strong,very_high,20250922_161500_i26077_y0.png,True,TN
8979,26078,2025-09-22 16:30:00,2025-09-22,SiZ5,test,0,0,0.18826524913311,-0.0003455823061859,0.431512620247796,low,short_strong,very_high,20250922_163000_i26078_y0.png,True,TN
8980,26079,2025-09-22 16:45:00,2025-09-22,SiZ5,test,0,0,0.410289317369461,-0.0006793947629027,0.4268013418765477,low,short_weak,medium,20250922_164500_i26079_y0.png,True,TN
8981,26080,2025-09-22 17:00:00,2025-09-22,SiZ5,test,0,0,0.4605070650577545,-3.457734953093983e-05,0.3907916752829433,low,neutral,low,20250922_170000_i26080_y0.png,True,TN
8982,26081,2025-09-22 17:15:00,2025-09-22,SiZ5,test,1,0,0.4312204718589782,0.0004380807451984,0.4224950932566653,low,short_weak,medium,20250922_171500_i26081_y1.png,False,FN
8983,26082,2025-09-22 17:30:00,2025-09-22,SiZ5,test,1,0,0.4730682671070099,0.0019280279852684,0.4588326993703572,medium,neutral,low,20250922_173000_i26082_y1.png,False,FN
8984,26083,2025-09-22 17:45:00,2025-09-22,SiZ5,test,1,1,0.6271650791168213,0.0026347416104279,0.5158854310387235,medium,long_strong,medium,20250922_174500_i26083_y1.png,True,TP
8985,26084,2025-09-22 18:00:00,2025-09-22,SiZ5,test,1,1,0.6322072148323059,0.0020783539436766,0.5479733440018756,medium,long_strong,medium,20250922_180000_i26084_y1.png,True,TP
8986,26085,2025-09-22 18:15:00,2025-09-22,SiZ5,test,1,0,0.4950645565986633,0.0006690274878018,0.5023677315226579,medium,neutral,low,20250922_181500_i26085_y1.png,False,FN
8987,26086,2025-09-22 18:30:00,2025-09-22,SiZ5,test,1,0,0.4728258550167084,0.0027961362480934,0.4906339791308604,medium,neutral,low,20250922_183000_i26086_y1.png,False,FN
8988,26087,2025-09-22 18:45:00,2025-09-22,SiZ5,test,1,1,0.5262268781661987,0.0021939953810623,0.6019140799315832,high,neutral,low,20250922_184500_i26087_y1.png,True,TP
8989,26127,2025-09-23 13:30:00,2025-09-23,SiZ5,test,0,0,0.4010131061077118,-0.0011264238342088,0.4344135977771786,low,short_weak,medium,20250923_133000_i26127_y0.png,True,TN
8990,26128,2025-09-23 13:45:00,2025-09-23,SiZ5,test,0,0,0.2926375269889831,-0.0009195085226946,0.4312478042348158,low,short_strong,high,20250923_134500_i26128_y0.png,True,TN
8991,26129,2025-09-23 14:00:00,2025-09-23,SiZ5,test,0,0,0.2927052080631256,-0.0006899327315587,0.3997064808475505,low,short_strong,high,20250923_140000_i26129_y0.png,True,TN
8992,26130,2025-09-23 14:15:00,2025-09-23,SiZ5,test,0,0,0.331090897321701,-0.0020464004046814,0.4074273011444472,low,short_strong,high,20250923_141500_i26130_y0.png,True,TN
8993,26131,2025-09-23 14:30:00,2025-09-23,SiZ5,test,0,0,0.288168340921402,-0.0016794929311753,0.3963602313550314,low,short_strong,high,20250923_143000_i26131_y0.png,True,TN
8994,26132,2025-09-23 14:45:00,2025-09-23,SiZ5,test,0,0,0.2799344360828399,-0.0017825721941738,0.3923784833789399,low,short_strong,high,20250923_144500_i26132_y0.png,True,TN
8995,26133,2025-09-23 15:00:00,2025-09-23,SiZ5,test,0,0,0.4091188609600067,-0.0018054693070217,0.387038328545585,low,short_weak,medium,20250923_150000_i26133_y0.png,True,TN
8996,26134,2025-09-23 15:15:00,2025-09-23,SiZ5,test,0,0,0.4377771615982055,-0.0013924050632911,0.3916407307151635,low,short_weak,medium,20250923_151500_i26134_y0.png,True,TN
8997,26135,2025-09-23 15:30:00,2025-09-23,SiZ5,test,0,0,0.4200927317142486,-0.0011044003451251,0.4032856248056978,low,short_weak,medium,20250923_153000_i26135_y0.png,True,TN
8998,26136,2025-09-23 15:45:00,2025-09-23,SiZ5,test,0,0,0.4329367578029632,-0.0005752217479838,0.3949458408844146,low,short_weak,medium,20250923_154500_i26136_y0.png,True,TN
8999,26137,2025-09-23 16:00:00,2025-09-23,SiZ5,test,0,0,0.4068264365196228,-0.0008051807630813,0.3851466591692506,low,short_weak,medium,20250923_160000_i26137_y0.png,True,TN
9000,26138,2025-09-23 16:15:00,2025-09-23,SiZ5,test,0,0,0.3991866707801819,-0.0005984440454817,0.3684880782600851,low,short_strong,medium,20250923_161500_i26138_y0.png,True,TN
9001,26139,2025-09-23 16:30:00,2025-09-23,SiZ5,test,0,1,0.5190989971160889,-0.0007937786162943,0.4388425533183342,low,neutral,low,20250923_163000_i26139_y0.png,False,FP
9002,26140,2025-09-23 16:45:00,2025-09-23,SiZ5,test,1,1,0.5633857846260071,0.0002415653434253,0.4396739466641848,low,long_weak,medium,20250923_164500_i26140_y1.png,True,TP
9003,26141,2025-09-23 17:00:00,2025-09-23,SiZ5,test,1,1,0.6091942191123962,0.0053892215568862,0.4399017635130567,low,long_strong,medium,20250923_170000_i26141_y1.png,True,TP
9004,26142,2025-09-23 17:15:00,2025-09-23,SiZ5,test,1,0,0.4125349223613739,0.0045593230096137,0.3815160784677857,low,short_weak,medium,20250923_171500_i26142_y1.png,False,FN
9005,26143,2025-09-23 17:30:00,2025-09-23,SiZ5,test,1,0,0.4412308633327484,0.0045010821015794,0.3851912647088586,low,short_weak,medium,20250923_173000_i26143_y1.png,False,FN
9006,26144,2025-09-23 17:45:00,2025-09-23,SiZ5,test,1,0,0.4915405213832855,0.0046148180541809,0.387435038009106,low,neutral,low,20250923_174500_i26144_y1.png,False,FN
9007,26145,2025-09-23 18:00:00,2025-09-23,SiZ5,test,1,0,0.4274637401103973,0.0048712515546547,0.4543999789092339,medium,short_weak,medium,20250923_180000_i26145_y1.png,False,FN
9008,26146,2025-09-23 18:15:00,2025-09-23,SiZ5,test,1,1,0.5258650779724121,0.0052279453253647,0.529327646068974,medium,neutral,low,20250923_181500_i26146_y1.png,True,TP
9009,26147,2025-09-23 18:30:00,2025-09-23,SiZ5,test,1,0,0.4490367472171783,0.0037052806002093,0.4544042315518601,medium,short_weak,medium,20250923_183000_i26147_y1.png,False,FN
9010,26148,2025-09-23 18:45:00,2025-09-23,SiZ5,test,1,0,0.3993959724903106,0.0035663748374998,0.45124159893206,medium,short_strong,medium,20250923_184500_i26148_y1.png,False,FN
9011,26188,2025-09-24 13:30:00,2025-09-24,SiZ5,test,0,0,0.4845204651355743,-0.0008892173732287,0.394657841452099,low,neutral,low,20250924_133000_i26188_y0.png,True,TN
9012,26189,2025-09-24 13:45:00,2025-09-24,SiZ5,test,0,1,0.6642031669616699,-0.0004158196266863,0.4905457186281851,medium,long_strong,high,20250924_134500_i26189_y0.png,False,FP
9013,26190,2025-09-24 14:00:00,2025-09-24,SiZ5,test,1,1,0.5962499976158142,0.0007624945123501,0.4695355888065485,medium,long_weak,medium,20250924_140000_i26190_y1.png,True,TP
9014,26191,2025-09-24 14:15:00,2025-09-24,SiZ5,test,1,0,0.4412978291511535,0.0009365894269459,0.38626046525382,low,short_weak,medium,20250924_141500_i26191_y1.png,False,FN
9015,26192,2025-09-24 14:30:00,2025-09-24,SiZ5,test,1,1,0.5039780735969543,0.001063829787234,0.460320876756179,medium,neutral,low,20250924_143000_i26192_y1.png,True,TP
9016,26193,2025-09-24 14:45:00,2025-09-24,SiZ5,test,0,0,0.4273533821105957,-0.0009467619586426,0.3734794609526579,low,short_weak,medium,20250924_144500_i26193_y0.png,True,TN
9017,26194,2025-09-24 15:00:00,2025-09-24,SiZ5,test,0,0,0.4654460847377777,-0.0010973778445189,0.386761538954268,low,neutral,low,20250924_150000_i26194_y0.png,True,TN
9018,26195,2025-09-24 15:15:00,2025-09-24,SiZ5,test,0,0,0.4383111000061035,-0.0007510109763142,0.3859211780472734,low,short_weak,medium,20250924_151500_i26195_y0.png,True,TN
9019,26196,2025-09-24 15:30:00,2025-09-24,SiZ5,test,0,0,0.2948364913463592,-0.0007510370087928,0.4022740941298847,low,short_strong,high,20250924_153000_i26196_y0.png,True,TN
9020,26197,2025-09-24 15:45:00,2025-09-24,SiZ5,test,1,0,0.3289663195610046,0.0002775143960593,0.4106811959196608,low,short_strong,high,20250924_154500_i26197_y1.png,False,FN
9021,26198,2025-09-24 16:00:00,2025-09-24,SiZ5,test,1,0,0.3119319975376129,0.0001271749812128,0.4148258401374524,low,short_strong,high,20250924_160000_i26198_y1.png,False,FN
9022,26199,2025-09-24 16:15:00,2025-09-24,SiZ5,test,0,0,0.2114114612340927,-0.0004855884291213,0.4117834903086658,low,short_strong,high,20250924_161500_i26199_y0.png,True,TN
9023,26200,2025-09-24 16:30:00,2025-09-24,SiZ5,test,1,0,0.3049446642398834,0.0004859030276387,0.4154646666389509,low,short_strong,high,20250924_163000_i26200_y1.png,False,FN
9024,26201,2025-09-24 16:45:00,2025-09-24,SiZ5,test,1,0,0.2946310937404632,0.0014942142633755,0.3879548019639016,low,short_strong,high,20250924_164500_i26201_y1.png,False,FN
9025,26202,2025-09-24 17:00:00,2025-09-24,SiZ5,test,1,0,0.2668081820011139,0.0006016081448487,0.4206063823745787,low,short_strong,high,20250924_170000_i26202_y1.png,False,FN
9026,26203,2025-09-24 17:15:00,2025-09-24,SiZ5,test,0,0,0.3950481712818146,-0.0001271691002208,0.4634306433379029,medium,short_strong,medium,20250924_171500_i26203_y0.png,True,TN
9027,26204,2025-09-24 17:30:00,2025-09-24,SiZ5,test,0,0,0.296934962272644,-0.0011309997807245,0.5015416585199224,medium,short_strong,high,20250924_173000_i26204_y0.png,True,TN
9028,26205,2025-09-24 17:45:00,2025-09-24,SiZ5,test,0,0,0.1977827399969101,-0.0010387811634349,0.5211829126564914,medium,short_strong,very_high,20250924_174500_i26205_y0.png,True,TN
9029,26206,2025-09-24 18:00:00,2025-09-24,SiZ5,test,0,0,0.1669037789106369,-0.0007848115875123,0.493712255177827,medium,short_strong,very_high,20250924_180000_i26206_y0.png,True,TN
9030,26207,2025-09-24 18:15:00,2025-09-24,SiZ5,test,0,0,0.3433532416820526,-0.0003350625642685,0.4670151028946061,medium,short_strong,high,20250924_181500_i26207_y0.png,True,TN
9031,26208,2025-09-24 18:30:00,2025-09-24,SiZ5,test,0,1,0.5053343176841736,-0.0004161080031439,0.5215082227922923,medium,neutral,low,20250924_183000_i26208_y0.png,False,FP
9032,26209,2025-09-24 18:45:00,2025-09-24,SiZ5,test,0,0,0.3718199431896209,-0.0010399815114398,0.4729523021096563,medium,short_strong,medium,20250924_184500_i26209_y0.png,True,TN
9033,26249,2025-09-25 13:30:00,2025-09-25,SiZ5,test,0,0,0.445019394159317,-0.0003220241518113,0.3658032569305094,low,short_weak,medium,20250925_133000_i26249_y0.png,True,TN
9034,26250,2025-09-25 13:45:00,2025-09-25,SiZ5,test,0,0,0.3734216392040252,-0.0012528591625383,0.3610640588263187,low,short_strong,medium,20250925_134500_i26250_y0.png,True,TN
9035,26251,2025-09-25 14:00:00,2025-09-25,SiZ5,test,0,0,0.3509399592876434,-0.0026321839080459,0.3707252988660715,low,short_strong,medium,20250925_140000_i26251_y0.png,True,TN
9036,26252,2025-09-25 14:15:00,2025-09-25,SiZ5,test,0,0,0.3743604123592376,-0.0013914123410224,0.3720609643260085,low,short_strong,medium,20250925_141500_i26252_y0.png,True,TN
9037,26253,2025-09-25 14:30:00,2025-09-25,SiZ5,test,0,0,0.4374019503593445,-0.0041026937574698,0.3855799439774475,low,short_weak,medium,20250925_143000_i26253_y0.png,True,TN
9038,26254,2025-09-25 14:45:00,2025-09-25,SiZ5,test,0,0,0.3997184336185455,-0.0040114481442742,0.3992975866389885,low,short_strong,medium,20250925_144500_i26254_y0.png,True,TN
9039,26255,2025-09-25 15:00:00,2025-09-25,SiZ5,test,0,0,0.4365753829479217,-0.0035444261597062,0.3860525983116064,low,short_weak,medium,20250925_150000_i26255_y0.png,True,TN
9040,26256,2025-09-25 15:15:00,2025-09-25,SiZ5,test,0,0,0.2357672899961471,-0.0022787170132695,0.4066768471630408,low,short_strong,high,20250925_151500_i26256_y0.png,True,TN
9041,26257,2025-09-25 15:30:00,2025-09-25,SiZ5,test,0,0,0.3105522394180298,-0.0029314388191474,0.3878613694256235,low,short_strong,high,20250925_153000_i26257_y0.png,True,TN
9042,26258,2025-09-25 15:45:00,2025-09-25,SiZ5,test,0,0,0.3444318473339081,-0.0031851528183427,0.3992408560427227,low,short_strong,high,20250925_154500_i26258_y0.png,True,TN
9043,26259,2025-09-25 16:00:00,2025-09-25,SiZ5,test,0,0,0.3699719607830047,-0.0024157090105946,0.412910481260056,low,short_strong,medium,20250925_160000_i26259_y0.png,True,TN
9044,26260,2025-09-25 16:15:00,2025-09-25,SiZ5,test,0,0,0.3478346765041351,-0.002346823735131,0.41654972613994,low,short_strong,high,20250925_161500_i26260_y0.png,True,TN
9045,26261,2025-09-25 16:30:00,2025-09-25,SiZ5,test,0,0,0.3802070617675781,-0.0026560883063124,0.3811273224268969,low,short_strong,medium,20250925_163000_i26261_y0.png,True,TN
9046,26262,2025-09-25 16:45:00,2025-09-25,SiZ5,test,0,0,0.4212784171104431,-0.0034474833371638,0.3794710149707598,low,short_weak,medium,20250925_164500_i26262_y0.png,True,TN
9047,26263,2025-09-25 17:00:00,2025-09-25,SiZ5,test,0,0,0.4384963810443878,-0.0044319930190368,0.3724717053622361,low,short_weak,medium,20250925_170000_i26263_y0.png,True,TN
9048,26264,2025-09-25 17:15:00,2025-09-25,SiZ5,test,0,0,0.4261540472507477,-0.0042634367207161,0.3794749062751928,low,short_weak,medium,20250925_171500_i26264_y0.png,True,TN
9049,26265,2025-09-25 17:30:00,2025-09-25,SiZ5,test,0,0,0.4860392808914184,-0.0050861079219288,0.4451877156537635,low,neutral,low,20250925_173000_i26265_y0.png,True,TN
9050,26266,2025-09-25 17:45:00,2025-09-25,SiZ5,test,0,1,0.7296870350837708,-0.0049460070460517,0.5086316875855126,medium,long_strong,high,20250925_174500_i26266_y0.png,False,FP
9051,26267,2025-09-25 18:00:00,2025-09-25,SiZ5,test,0,0,0.29465252161026,-0.0036871546881999,0.4036795150819608,low,short_strong,high,20250925_180000_i26267_y0.png,True,TN
9052,26268,2025-09-25 18:15:00,2025-09-25,SiZ5,test,0,0,0.3248713612556457,-0.0033789607971589,0.4710652432832535,medium,short_strong,high,20250925_181500_i26268_y0.png,True,TN
9053,26269,2025-09-25 18:30:00,2025-09-25,SiZ5,test,0,0,0.2731934189796448,-0.0030947286072571,0.4571048275723234,medium,short_strong,high,20250925_183000_i26269_y0.png,True,TN
9054,26270,2025-09-25 18:45:00,2025-09-25,SiZ5,test,0,0,0.2823185622692108,-0.0019104175298071,0.4080796685065849,low,short_strong,high,20250925_184500_i26270_y0.png,True,TN
9055,26310,2025-09-26 13:30:00,2025-09-26,SiZ5,test,0,0,0.3993480503559112,-0.003130652567135,0.4059702650636833,low,short_strong,medium,20250926_133000_i26310_y0.png,True,TN
9056,26311,2025-09-26 13:45:00,2025-09-26,SiZ5,test,0,0,0.390013724565506,-0.0035125140558524,0.3704903763735947,low,short_strong,medium,20250926_134500_i26311_y0.png,True,TN
9057,26312,2025-09-26 14:00:00,2025-09-26,SiZ5,test,0,0,0.4977298378944397,-0.0041954962159406,0.3967841024077066,low,neutral,low,20250926_140000_i26312_y0.png,True,TN
9058,26313,2025-09-26 14:15:00,2025-09-26,SiZ5,test,0,0,0.4563034176826477,-0.0042367976292454,0.4433773900355771,low,neutral,low,20250926_141500_i26313_y0.png,True,TN
9059,26314,2025-09-26 14:30:00,2025-09-26,SiZ5,test,0,0,0.3014519810676574,-0.0063497571131159,0.4682687511049568,medium,short_strong,high,20250926_143000_i26314_y0.png,True,TN
9060,26315,2025-09-26 14:45:00,2025-09-26,SiZ5,test,0,0,0.4057680666446686,-0.0069849199740956,0.4839608157516755,medium,short_weak,medium,20250926_144500_i26315_y0.png,True,TN
9061,26316,2025-09-26 15:00:00,2025-09-26,SiZ5,test,0,0,0.4198713004589081,-0.0060828235402957,0.4540599297538644,medium,short_weak,medium,20250926_150000_i26316_y0.png,True,TN
9062,26317,2025-09-26 15:15:00,2025-09-26,SiZ5,test,0,0,0.292950838804245,-0.0056902294596594,0.4266662128822864,low,short_strong,high,20250926_151500_i26317_y0.png,True,TN
9063,26318,2025-09-26 15:30:00,2025-09-26,SiZ5,test,0,0,0.2454056739807129,-0.0055413519047674,0.4441161402002484,low,short_strong,high,20250926_153000_i26318_y0.png,True,TN
9064,26319,2025-09-26 15:45:00,2025-09-26,SiZ5,test,0,0,0.3981148302555084,-0.0060002774694783,0.4285810812721138,low,short_strong,medium,20250926_154500_i26319_y0.png,True,TN
9065,26320,2025-09-26 16:00:00,2025-09-26,SiZ5,test,0,1,0.5314353108406067,-0.0054039667661829,0.4814637577788017,medium,neutral,low,20250926_160000_i26320_y0.png,False,FP
9066,26321,2025-09-26 16:15:00,2025-09-26,SiZ5,test,0,0,0.3370123505592346,-0.0049655651368712,0.4239364532160154,low,short_strong,high,20250926_161500_i26321_y0.png,True,TN
9067,26322,2025-09-26 16:30:00,2025-09-26,SiZ5,test,0,0,0.1845641285181045,-0.0054821137365115,0.4000480433154396,low,short_strong,very_high,20250926_163000_i26322_y0.png,True,TN
9068,26323,2025-09-26 16:45:00,2025-09-26,SiZ5,test,0,0,0.1652312725782394,-0.0054701684996935,0.4013453814534252,low,short_strong,very_high,20250926_164500_i26323_y0.png,True,TN
9069,26324,2025-09-26 17:00:00,2025-09-26,SiZ5,test,0,0,0.2433676719665527,-0.004402989398065,0.4193632734738582,low,short_strong,high,20250926_170000_i26324_y0.png,True,TN
9070,26325,2025-09-26 17:15:00,2025-09-26,SiZ5,test,0,0,0.2820143103599548,-0.0036272192091967,0.4156966939711132,low,short_strong,high,20250926_171500_i26325_y0.png,True,TN
9071,26326,2025-09-26 17:30:00,2025-09-26,SiZ5,test,0,0,0.3861822485923767,-0.0022621284888981,0.4251913689629483,low,short_strong,medium,20250926_173000_i26326_y0.png,True,TN
9072,26327,2025-09-26 17:45:00,2025-09-26,SiZ5,test,0,1,0.5089166164398193,-0.0004532512057644,0.4932807378254588,medium,neutral,low,20250926_174500_i26327_y0.png,False,FP
9073,26328,2025-09-26 18:00:00,2025-09-26,SiZ5,test,1,0,0.446025550365448,0.0001046511627906,0.4264202539174214,low,short_weak,medium,20250926_180000_i26328_y1.png,False,FN
9074,26329,2025-09-26 18:15:00,2025-09-26,SiZ5,test,1,0,0.4181748628616333,0.0008261866250858,0.4653093157607703,medium,short_weak,medium,20250926_181500_i26329_y1.png,False,FN
9075,26330,2025-09-26 18:30:00,2025-09-26,SiZ5,test,1,0,0.3042556643486023,0.0006048340195872,0.4189663662004349,low,short_strong,high,20250926_183000_i26330_y1.png,False,FN
9076,26331,2025-09-26 18:45:00,2025-09-26,SiZ5,test,1,0,0.298827052116394,0.0010237319683574,0.3780705091524011,low,short_strong,high,20250926_184500_i26331_y1.png,False,FN
9077,26371,2025-09-29 13:30:00,2025-09-29,SiZ5,test,0,0,0.4105163514614105,-0.002252751742089,0.4608312572705704,medium,short_weak,medium,20250929_133000_i26371_y0.png,True,TN
9078,26372,2025-09-29 13:45:00,2025-09-29,SiZ5,test,0,1,0.7225528955459595,-0.0020682402430474,0.4357472444466091,low,long_strong,high,20250929_134500_i26372_y0.png,False,FP
9079,26373,2025-09-29 14:00:00,2025-09-29,SiZ5,test,0,1,0.6628750562667847,-0.0001520485619714,0.4659817002412303,medium,long_strong,high,20250929_140000_i26373_y0.png,False,FP
9080,26374,2025-09-29 14:15:00,2025-09-29,SiZ5,test,0,0,0.458223432302475,-8.186560007483745e-05,0.457251704638658,medium,neutral,low,20250929_141500_i26374_y0.png,True,TN
9081,26375,2025-09-29 14:30:00,2025-09-29,SiZ5,test,1,0,0.3115047216415405,0.0007252649556652,0.4458508282259634,low,short_strong,high,20250929_143000_i26375_y1.png,False,FN
9082,26376,2025-09-29 14:45:00,2025-09-29,SiZ5,test,1,0,0.2536616921424866,0.0009123660693397,0.4165430148182573,low,short_strong,high,20250929_144500_i26376_y1.png,False,FN
9083,26377,2025-09-29 15:00:00,2025-09-29,SiZ5,test,1,0,0.415255606174469,7.015164447143896e-05,0.5135358623716234,medium,short_weak,medium,20250929_150000_i26377_y1.png,False,FN
9084,26378,2025-09-29 15:15:00,2025-09-29,SiZ5,test,0,1,0.5118115544319153,-0.0009931298780202,0.4860279122206939,medium,neutral,low,20250929_151500_i26378_y0.png,False,FP
9085,26379,2025-09-29 15:30:00,2025-09-29,SiZ5,test,0,1,0.6155726909637451,-0.0016940835592111,0.4853913504047513,medium,long_strong,medium,20250929_153000_i26379_y0.png,False,FP
9086,26380,2025-09-29 15:45:00,2025-09-29,SiZ5,test,0,1,0.5467857122421265,-0.0021366523444796,0.460690891406363,medium,neutral,low,20250929_154500_i26380_y0.png,False,FP
9087,26381,2025-09-29 16:00:00,2025-09-29,SiZ5,test,0,0,0.2935157120227813,-0.0013675413476711,0.4666857754383592,medium,short_strong,high,20250929_160000_i26381_y0.png,True,TN
9088,26382,2025-09-29 16:15:00,2025-09-29,SiZ5,test,0,0,0.2991780936717987,-0.0007948289364487,0.5244882067490111,medium,short_strong,high,20250929_161500_i26382_y0.png,True,TN
9089,26383,2025-09-29 16:30:00,2025-09-29,SiZ5,test,0,0,0.2530029714107513,-0.0012159476207178,0.5129386843468215,medium,short_strong,high,20250929_163000_i26383_y0.png,True,TN
9090,26384,2025-09-29 16:45:00,2025-09-29,SiZ5,test,1,0,0.3037777543067932,4.6801141947883096e-05,0.4564909342490145,medium,short_strong,high,20250929_164500_i26384_y1.png,False,FN
9091,26385,2025-09-29 17:00:00,2025-09-29,SiZ5,test,1,0,0.1976307034492492,0.0007374027038098,0.4017835492911389,low,short_strong,very_high,20250929_170000_i26385_y1.png,False,FN
9092,26386,2025-09-29 17:15:00,2025-09-29,SiZ5,test,1,0,0.23123599588871,0.0008309341572454,0.4127828988849385,low,short_strong,high,20250929_171500_i26386_y1.png,False,FN
9093,26387,2025-09-29 17:30:00,2025-09-29,SiZ5,test,1,0,0.389620691537857,0.0015110694623403,0.4388121618239224,low,short_strong,medium,20250929_173000_i26387_y1.png,False,FN
9094,26388,2025-09-29 17:45:00,2025-09-29,SiZ5,test,1,0,0.3689373731613159,0.0019684347428732,0.402570950792728,low,short_strong,medium,20250929_174500_i26388_y1.png,False,FN
9095,26389,2025-09-29 18:00:00,2025-09-29,SiZ5,test,1,0,0.4568270146846771,0.002544559099437,0.4230969080094152,low,neutral,low,20250929_180000_i26389_y1.png,False,FN
9096,26390,2025-09-29 18:15:00,2025-09-29,SiZ5,test,1,1,0.5604075193405151,0.0002691632533644,0.5262085678103322,medium,long_weak,medium,20250929_181500_i26390_y1.png,True,TP
9097,26391,2025-09-29 18:30:00,2025-09-29,SiZ5,test,0,1,0.585162341594696,-0.0002339728591483,0.5432451520675725,medium,long_weak,medium,20250929_183000_i26391_y0.png,False,FP
9098,26392,2025-09-29 18:45:00,2025-09-29,SiZ5,test,1,1,0.5931608080863953,0.0006674238609885,0.5570071140257408,high,long_weak,medium,20250929_184500_i26392_y1.png,True,TP
9099,26432,2025-09-30 13:30:00,2025-09-30,SiZ5,test,0,0,0.4163142740726471,-0.0057929634960711,0.4053383898361233,low,short_weak,medium,20250930_133000_i26432_y0.png,True,TN
9100,26433,2025-09-30 13:45:00,2025-09-30,SiZ5,test,0,0,0.3730315268039703,-0.0041326705316976,0.4108001635005255,low,short_strong,medium,20250930_134500_i26433_y0.png,True,TN
9101,26434,2025-09-30 14:00:00,2025-09-30,SiZ5,test,0,0,0.2662761509418487,-0.0037563343846345,0.4188039263720438,low,short_strong,high,20250930_140000_i26434_y0.png,True,TN
9102,26435,2025-09-30 14:15:00,2025-09-30,SiZ5,test,0,0,0.2545575797557831,-0.0039452391358272,0.4077674225417677,low,short_strong,high,20250930_141500_i26435_y0.png,True,TN
9103,26436,2025-09-30 14:30:00,2025-09-30,SiZ5,test,0,0,0.2132538557052612,-0.0051072161543723,0.4048434290611656,low,short_strong,high,20250930_143000_i26436_y0.png,True,TN
